ssn,middle_name_medical,middle_name_employment
e141846696,foster,
e145580195,,vance
d165618464,,pauletta
i150642589,wayne,
g129771524,,kappas
d187304865,,mclawhorn
f183890928,m,
f196939962,duane,
e184289655,,andre
f182414685,,fitzgerald
g103240252,,
i179800692,maurice,
a132601276,,
e169032437,,lamar
c105352424,b,
h198319352,,t
b167331904,hendrix,
h114951062,dawn,
c145310978,elizabeth,
d102217662,,frederick
h183797966,,burney
a166545118,rogan,
g129431918,,todd
b140375377,baris,
h199457069,,macarther
h125816731,shane,
h188397091,,p
e171678931,,gay
c173363388,,edward
c109662910,,lee
e137404276,,r
d101900083,,keith
a157785066,andrew,
c191768377,,davis
a173587610,,vance
b102088289,,glenn
g103063774,,wade
f107511656,,rashawn
b127332430,donald,
i121917281,,lee
h104698484,bailey,
i157262457,jeffrey,
f112808214,lasha,
f112996436,glover,
b185061485,c,
i131083951,,rudolph
i131083951,,rudolph
h175797201,n,
c150672390,nicole,
f122559707,dwight,
e145896809,michael,
i166915634,jane,
g117345757,,bryan
c153658229,,devonte
a136681121,r,
c120567012,marie,
d101077860,channing,
e122899826,anthony,
d135912598,mcmasters,
g180661631,,lee
e192380113,john,
e184060129,,lee
f100890208,s,
d145128682,williams,
b185905304,c,
e116324167,sherelle,
e128811841,,frank
e128811841,,frank
h126007950,,benton
d198467646,,
i133664804,,lawrence
d116334197,william,
g199655129,,rackley
g110009320,elizabeth,
c133651921,todd,
i107000799,dean,
d148325110,ann,
b172499731,w,
a180477100,,david
a144111874,,price
b144141271,phillip,
i122528116,,i
d191103228,anderson,
d167989556,,wesley
a154233304,c,
g157159576,byerly,
d184407436,v,
g149503728,,claude
h104943507,,ann
e187764767,,
e101823860,,
c174986476,,kim
d170204130,,melvin
h160756395,eva,
h115419023,theodore,
f148841263,,l'tisha
h156477644,,e
i184745154,,vinson
h145970019,,
e118070932,leestegall,
h179987365,,henry
f195316963,watkins,
b108641360,denard,
a140506811,terell,
c168166025,,reid
c168166025,,reid
c152487061,,eugene
c152487061,,eugene
h166146346,,randolphlouis
h166146346,,randolphlouis
b142099131,marie,
a148954308,stimson,
f122737047,albert,
i152441143,,andrew
b130085576,dewitt,
g145217475,lee,
c100454999,d,
h109601167,c,
b130122879,crawford,
e125688661,donell,
e179541060,harlin,
e127085964,,deloris
h150407522,,casstevens
i172779898,,n
d161148344,,sane
c117021221,alexander,
d134056614,,d
h160781350,,ryan
c192083135,russell,
c188751762,levon,
c150838756,c,
d159049960,,allen
h177356606,,sue
d152915228,alan,
c168481171,k,
b122259563,elisabeth,
i159418614,j,
a112605940,forsyth,
f180715787,,michael
f123989642,lynn,
f170447680,,frank
e183511984,,lynn
e183511984,,lynn
a177194381,oscar,
i134056031,phipps,
g145450241,josiah,
c161660647,,
a112960266,scott,
f151665244,newkirk,
i153458679,,lee
c191972387,grace,
d162432766,diana,
g140483476,,corrine
e139072499,kent,
f118546375,,r
e160896695,gary,
i149828786,,
d131811920,,csmith
h151815927,searle,
f146421471,,bell
h198775197,,nicole
b115426405,,w
h163284782,,d
i173323310,lynn,
e116674119,,jarrell
d170457392,,hunter
c174361002,goodwin,
i168053032,earl,
h129523892,bryan,
b119230198,,marie
i132765238,,burke
b195634691,jean,
b185283552,,dianne
b185283552,,dianne
i149089634,,craig
h154191251,j,
c152300424,ann,
h198784977,jason,
a191250869,lee,
g183851456,,wayne
i141468926,,
c172764359,joseph,
g187813991,nichole,
i150984236,elizabeth,
i178261759,,r
d171163065,eugene,
i154826561,,ray
e170119962,denton,
a164404786,,veronica
a165356335,richard,
i191953888,,gregory
a180665365,,t
b197675929,,g
b115755083,n,
a159635324,thomas,
d128911332,kenneth,
h192350935,,e
h192350935,,
g184453914,shamerici,
a199896834,ann,
f143568222,,carlisle
f199962563,,douglas
h182243239,lee,
d163196427,,
d180183607,,mandell
i198787929,carlton,
h178636459,jerrod,
a189575314,,arnett
d152364439,,owen
d117375305,,leon
b154028081,,blaine
f154002479,sarupchand,
f154002479,sarupchand,
c131464693,,marie
c109264417,,norris
i162929355,,phyong
f152148318,,andrew
e159854479,,franklin
i135859478,,kristen
i130286941,michael,
g166740063,dale,
e156223201,arthur,
c130947597,lavarius,
c153146915,,apperson
c188704019,,earl
g143383620,joseph,
g143383620,joseph,
b197935819,louise,
a118549684,taborris,
i152800869,odell,
i158295693,k,
i156146147,,c
f158015024,,rondez
g165346851,allen,
f152358844,,joseph
c144733970,herbert,
d143611223,brant,
e146471398,,marie
e190813326,suzanne,
b183522101,l,
c194622372,michelle,
f107798303,,s
a110889323,,
a110889323,,e
e127654671,dwayne,
f163129073,,mark
i136197304,charles,
a184531050,lou,
h179472381,west,
d160170416,,john
f127908969,tameika,
e115659697,,malcolm
e186151995,,allen
d131753767,,lewis
b103947691,douglas,
a115879113,renee,
h123732197,,freedle
f183460842,edward,
b148054866,,newton
i150159793,michael,
f165656859,ward,
a182255916,,lyle
i133331552,eshell,
a121988506,,edward
i172897055,clifford,
h167516276,anne,
e133829048,starling,
d158684703,,dean
i193813234,marie,
e123953728,,allen
e148280268,,luther
c183176703,morales,
h141312204,,moss
b123869473,gerald,
d115539903,,roland
d115539903,,roland
d193257614,aaron,
h113130395,wayne,
d157117222,lynette,
d122584593,s,
g126271831,,r
e162559606,,cook
f131196928,,stevenson
i122348194,,eric
b141162223,,lee
a181172794,lavern,
a114620417,vance,
f100604399,,daniel
g118242427,blackwelder,
d153477054,marie,
c176489499,nelson,
h103450438,vaughn,
a185841088,,eneida
d134098882,d,
e170854320,charles,
b102597714,,brian
a176910621,,alan
d188405004,,l
f149609946,leon,
i138712452,,gail
g169521838,,lynette
g146758151,delores,
g153602129,junior,
d111778423,,allen
a117027271,,edward
f104714543,,lea
a111458943,ann,
g159900615,ann,
e166134860,,john
e128929905,j,
d138779571,elizabeth,
c140692198,,sherman
e174729509,wayne,
a134037576,hampton,
f114056501,,justinjamal
i165061833,r,
i176205064,,
f113440534,denise,
b105713904,,taviusjalante
i113931479,thomas,
i160577067,,batchelor
b106214823,,shirrell
i149943950,,guy
e189086438,m,
e183850319,,brian
a139716564,dawn,
e123698553,,e
d174610182,,e
b170968891,,michael
b113180337,,maude
f197028399,dale,
f146544104,elainewood,
b133436918,,lee
f132591032,,sanders
h114019188,,scott
g143648406,harry,
f133074029,d,
b134257337,,renee
i102243949,,jane
c137079397,corpening,
h192850617,,charles
d174093053,,bean
e198234010,,shantafy
h115421967,rafael,
f191415666,,jamal
f188235703,ray,
i116067912,,clay
d110141270,grant,
d132008530,,greenway
g121839587,,suarez
h118140343,robert,
d102580563,eugene,
d199511866,,dean
e120090615,,e
b101489843,,c
c177462453,,nelson
h111997357,e,
h181099793,eugene,
f146337081,richar,
e148084017,david,
c128716494,v,
i173005984,natsuki,
h196646845,suzanne,
c168542420,c,
g130487383,michael,
d179627490,,daniel
c142504722,arturo,
d175620556,robert,
a113608519,,clarke
a113608519,,clarke
g169420169,drury,
g169420169,drury,
h166414916,,walton
a196413015,william,
c118551263,david,
g115249391,,joseph
g106165056,m,
c148583023,,scott
e110576996,,melissa
e110576996,,melissa
c196401881,william,
d130325604,michael,
d100764930,marie,
b128870669,,jay
h125385646,c,
h114613890,denise,
g153205164,,randall
g189603601,,b
a139879692,,lewis
i130648195,brown,
e172459510,,c
c141979719,,
g160936111,,dale
i101147229,,ashbe
c195418349,caldwell,
d144984570,,jerel
a175840580,,e
g168518570,,ann
d131592279,,luke
g142744094,stephen,
b148294728,,
h145968120,edward,
b192705971,,nadina
e119780071,,maria
i175304323,,lillie
b193932602,,locke
a199430504,benton,
g144873032,,t
a105666783,janet,
a120512888,edward,
b189672459,,sanford
a118731443,ryan,
f193253596,franklin,
f133056696,,everett
b136386243,h,
e105568776,,daundre
b193968914,,ray
d120137086,michael,
b107887029,ray,
c113305761,,rhodes
i150496730,,charise
e124613786,,
e124613786,,
e165383688,,demetrius
i146496234,,anne
h159325957,,fred
a116877442,,
a116877442,,edwin
f175744875,hall,
c195875097,michael,
c119544241,venise,
d183358190,,lee
b167415930,,dwyer
c173053544,issac,
c146737682,,e
g147534725,alexander,
i148318781,leigh,
f137904587,james,
b129841250,,dale
a104855411,,lee
a199422437,allan,
b128774538,,mane
b160569574,,s
h129866093,,phillip
b108003949,,k
c165352644,james,
e170337014,,franklin
e174280209,,edtrice
b166684007,t,
a144723902,earl,
b154224831,harper,
f181577284,tyler,
h152452692,lee,
b182192115,pierce,
f115454862,van,
d172322272,,weck
e191694719,,lee
e191694719,,lee
c116366339,,susangray
a149219533,,stafford
b199996771,,ann
b168871465,,andrew
i187549656,,halen
e131373110,vinodbhai,
i167082764,nmn,
d153337148,,anders
g187304290,ray,
f133755013,james,
g139650394,jeanette,
d193877957,carl,
a198608277,,
f164010993,,michael
f167449767,,ann
h157462659,,dale
h176726298,michael,
a190670896,,
g142762813,sterling,
i105299696,,kristina
c102616441,,lynn
c102616441,,lynn
g103999521,deshaun,
b165673357,,m
h103572849,ruta,
g164022713,,john
g155328714,,o
d197334085,wayne,
i186863659,wesley,
d135755572,roger,
h186752803,,elaine
h142196311,,yvette
f126339668,,
i187093845,,perry
a130877474,,ray
g165445565,,emanuel
a104248461,,royal
e150210133,michael,
h155964304,,david
e145792492,,charles
c191950141,griffin,
e160389040,barrett,
c160690442,,mark
i123826189,paul,
f136609754,w,
b175245259,rose,
e189616527,,ellen
a170405842,,
d118709340,,r
g162946769,,lynn
f104630582,lynn,
f186568430,,gail
f186568430,,gail
e100414446,tyler,
d112485641,cary,
d114322113,mark,
h116113523,harold,
f148769107,,david
c170999806,,michael
c170999806,,michael
a129898461,,trent
f110361643,mathews,
c142134527,lamonte,
c146463965,lee,
i178441098,,dominic
e123189685,ray,
d174872226,beasley,
c145680374,mckelly,
h198709680,,michael
g141018966,,e
g141018966,,e
f108709969,james,
e148302378,,l
d173013012,ralph,
e144037355,l,
c148273484,,
g182689758,veronica,
b149674269,lee,
a132306840,long,
h145257365,henry,
g114697943,k,
c141197986,leigh,
a188558784,bingham,
b163412833,,j
i178276994,,
g102238469,william,
e161017775,l,
c189962134,,eatmon
c189962134,,eatmon
b126007958,b,
d108027100,fletcher,
i129794301,mariawalden,
b138794215,wesley,
i134716416,,emmett
g171308129,,lee
h136501401,,smith
h159958676,,michael
i144459134,,
h131028395,earl,
g100749342,marie,
b119506151,frankstone,
d174419012,,m
c102907662,,elizabeth
i122012891,,mitchell
h160849435,,l
c118813474,carlton,
b125086652,wayne,
c107876344,,swindell
b175643400,jacobs,
a170286075,,anthony
i153904423,dean,
c188289588,,devon
h103474322,,brent
g196589107,,glen
h183102028,randal,
b131107966,huggins,
g199185184,,hosea
b186556281,i,
b199274233,,luis
b199274233,,luis
c121673154,,boy
e192782161,,gayle
h182097450,,huie
f103735357,smith,
h181117838,,regina
a189719179,dale,
a126902038,,lee
a119557280,esperanza,
i136145313,thomas,
i148919828,,l
e146614660,chung-y,
b193039390,,raquel
e181229210,stanae,
b105591239,alice,
g177115880,,boden
d126681924,,brent
b106628655,william,
a121613725,m,
f143329838,,carter
e108951740,,meineshia
a197531598,ray,
i111092301,sherrice,
b116400871,,neil
g193147592,,dawn
g136905604,thomas,
b178375300,dills,
h195201323,odell,
g106987463,,rae
i138695219,,lawson
g150110375,,claire
f183056869,,alyssa
a116292266,lee,
i146852639,,joseph
a198407847,l,
f134551648,,ersell
d130718152,,james
c109157236,dorne,
a113056689,vonyel,
b163194480,lynn,
c116547804,,hoyt
h155002449,stanley,
a182597063,,lynn
c127462161,charles,
c112513229,,claude
f175829596,thomas,
a198193008,,r
e178140311,,s
g147440017,,javier
a181670827,anderson,
b155488471,nathaniel,
e151287103,edwin,
d194862096,roosevelt,
e135894508,charles,
i116748967,,
a124342706,franceso,
b121273225,earnest,
a172886316,bright,
c128063772,duane,
e178718353,,allen
g120437889,,dean
g128578915,,jefferson
c138154753,,e
a131748987,,houston
h195174789,b,
a130114407,,lane
c169384782,,bou
g142477826,,m
c149819803,edward,
f190015055,,timothy
c195124298,,marie
f149592344,,hale
d198885901,,goodwyn
g124087366,,iris
g148052081,potter,
c125212211,dale,
f102943206,krisalan,
d195363929,,page
f194288789,,ellis
g193262514,david,
a191576806,,bobby
i104182863,,
d143942663,,joseph
e116386112,jane,
g197364403,,harrison
f165899644,,pietro
g153228567,,brooks
e106404349,white,
d199911692,,nicholas
a147580108,,
d153834899,,church
h112910439,,mai
f137896737,,kong
i150208477,,nagi
f143871645,,roger
e130089991,elizabeth,
c134010191,brent,
i103431516,,leigh
a183415471,,ronald
i146431795,,edney
h185498953,lee,
g132278722,robert,
d103577735,,edward
c127698699,michael,
g187499428,,m
c192097005,lee,
i189453944,,
c174835884,nikita,
a110132263,,e
g172946233,,john
i180479329,,andrew
d127096939,,anthony
e173938393,,christian
b134269052,p,
e146908104,,d
a155871227,ann,
e123428476,l,
e147018260,,y
d188132335,norris,
f136246442,,k
c148510674,owen,
a164807728,steven,
f189558600,l,
h182382601,damare,
g120590907,,theodore
h143727339,,dawn
e179586176,,graham
g162569937,,
b178686920,m,
f194820713,,jerrell
f148065476,,edwards
g142514318,,lane
b184001158,,o
i187769071,,gary
h141960090,,g
f174728466,hedspeth,
b155664019,,c
b124843149,,rene
h188890434,marie,
b110453823,,leslie
e116997908,,annecoyle
c168555167,,
a173885419,,douglas
h122432850,jordan,
a104636943,michael,
g118634833,everett,
e104648705,,gibson
a119362262,,ann
e114992264,lee,
c126548862,g,
a152249675,,marvin
a184215271,,
e194337082,,melvin
b139216923,,shane
h138214888,,lynn
a131725170,,scott
a164284029,leahoward,
c164747785,,david
a109256482,,smith
b153424156,,rene
c152754993,,craig
e108579882,,chester
g175366559,,b
d114481990,,david
d135714877,,
a135546262,,leah
f140501442,,eleanor
b190002972,john,
g141188571,lennart,
e132425997,,allen
h103919855,,william
h119824688,sellers,
f179953774,,c
i163536927,,lewis
h151287099,,
h151287099,,frances
h153172111,,daniel
b183252455,,catherine
d176874697,lamont,
d141790462,,rex
d174125547,,r
h152655607,daniel,
c123873584,jason,
g157423688,adolfo,
b104814943,,renee
f135754890,wells,
f132035142,,frederick
d136084818,justice,
b160064866,francis,
i101602272,,
f149674612,,elizabeth
g170370292,,dwight
e177087002,edward,
b161300647,,boyette
d170714966,,
g122099570,eugene,
i124717981,rudolph,
b184707330,pierce,
b139042615,,rashad
e112488339,,carl
e139658125,,francis
a195550169,janelle,
b185550890,hope,
e154226255,mandy,
f186453775,kristopher,
a143257673,mitchell,
e137770273,,levon
h138754946,n,
g189692028,karene,
a199545808,,hooten
c120831700,,scott
g179382190,,dwight
a103340640,,keith
b143892047,,
f167055374,ashley,
a120585686,,
g177241632,,elbert
a167038564,taylor,
a120976894,,jan
c166368183,,martin
a194849281,james,
h178678581,alfonso,
a122079427,lynnreap,
a154669220,,s
a154669220,,s
i162139832,,sue
h182931298,forehand,
g117036801,v,
f116361176,,thomas
c111386206,brittingham,
f168338032,edward,
b192908689,kerr,
c111433731,,joseph
e175602555,,t
d171686931,gatewood,
a122260217,evans,
a108978762,,louis
i189313964,,trong
g183470497,,barabbasshonte
g183470497,,barabbasshonte
g118582538,ray,
c117235226,,rodriguez
a146997655,ray,
f137334547,,renee
f141064168,,edward
c134944232,ray,
c165465688,,abdala
a115291163,michael,
c192345216,,mark
a153079706,isaiah,
a143978682,,edward
a144085977,latoya,
i157857574,,lee
c183885549,,devonne
e142780259,,tyler
c174743402,elaine,
b112828041,dean,
c107704706,,adonus
g111191760,elizabeth,
c178469356,,thomas
h142734035,,e
i175980444,lawrence,
a165680640,,eric
e162319663,,o
e162319663,,
g182941960,phillips,
b151250778,lee,
c179869586,,lavon
b120789268,oscar,
i137366757,christina,
d140331269,,jo
a105301345,james,
g183508301,j,
e166589688,,walter
a103990479,marion,
i198067202,lorenzo,
a177855414,hardy,
f196832973,lewis,
f128630897,wayne,
h157073183,william,
a185055629,marie,
f115052485,marie,
d113552770,,ajay
d113552770,,ajay
e104758956,wayne,
b167525533,,s
d183006821,,r
h167688111,,knight
h161478098,,m
e125914846,,orlando
b161728853,dean,
g193371496,david,
g183452756,jattin,
g165151389,p,
i144809767,frederick,
e181874689,b,
a138950234,,ann
g158842438,,franklin
c151939257,christopher,
c185993472,david,
g178246195,,hernandz
f161740701,,michael
c196904947,l,
b112581050,peter,
h187502463,,ellis
f146897878,,paul
c178326234,,weeks
f198979486,edward,
g181179559,sue,
a127902970,,james
a161636178,,spence
e130351984,,
f122305506,,mcrae
a109849936,edwin,
e169069801,woolley,
g199169860,,cross
g126177100,blair,
e197606044,eugene,
i143473269,,reed
b145154455,on-fai,
e199021775,treyshawn,
b182486504,elizabeth,
e138927848,,lynn
b183504254,,paul
c176298356,lee,
i189682370,,kreis
i145273149,,francis
b116083734,,
e137924305,lee,
c187861025,,
h199200993,wayne,
f132436165,blaire,
f142208471,,sylvester
f157478366,,s
g195818015,turner,
b188362133,lavell,
g174448193,samuel,
d189632423,scoville,
g170056971,,alexander
i133844522,devon,
d116331282,,wallace
d132155646,,clay
a126874427,,afif
g194301063,franklin,
e122040297,,t
f182475661,,d
d121529666,,radfordwyatt
c194987996,michael,
d168985832,tyrone,
i164002710,anthony,
g133363318,charise,
c186898305,,raymond
g163481334,mitchell,
h129648692,,l
i157229681,douglas,
e183779028,m,
f191421296,alexander,
c164288956,,roland
c117421064,,antonio
i161214014,,keith
d182949600,,setzer
c118852320,,andrew
e188035381,ray,
h188181590,,kellen
a127208788,hall,
g185738278,,l
a115106473,,leigh
e102820679,yon'-nette,
e194336452,darlene,
d163025062,quinn,
h144637752,michael,
f196246079,derek,
f111198828,,darlene
d135789000,marie,
d155617456,s,
e145757959,aaron,
a161165112,,d
h190029924,b,
b167206048,keith,
b133832625,n,
a167945588,,
e180779346,lawrence,
g112556855,thomas,
a154081852,,eugene
a157504299,,johnson
i192591147,,
e149089074,e,
d144384741,hott,
e157937901,,ann
d148215078,paul,
c129542380,barbour,
d196182238,,
b145235794,dale,
c146205108,,carlos
c146205108,,carlos
f152402905,patrick,
e179995370,,d
a136771934,,kiona
i166455431,g,
g116990230,diane,
f104049044,m,
a194662946,miles,
i128377065,,laverne
d104106376,,mason
i192219957,brian,
f170332958,r,
h161694167,,allen
i176803717,scott,
a193571770,,corl
g193123712,,dale
g181051784,nichols,
d106474299,wayne,
b159819538,ann,
e178747838,,lynn
e192917266,jarrett,
g118330925,phelps,
e107179498,gueco,
e107179498,gueco,
a121781532,o,
a193901997,,willie
a193901997,,willie
c138230349,scott,
e145576374,,galban
a199558465,w,
a185570162,ann,
g145884393,,debois
i161837931,wayne,
g182641705,,lamont
d128399481,everett,
g103843023,e,
c132466072,s,
a135317967,,lee
a171704010,,ray
b161882718,denise,
d102967044,toufic,
f102382670,b,
d153839006,,g
g154573754,michael,
i133924034,renee,
g123865078,eugene,
a148176640,,e
b184302325,,gerald
h123631891,gene,
a131012471,,clinton
f113946739,,stephan
b154821157,bruce,
c117777583,,myers
f164721687,joseph,
b107458540,brockington,
b107458540,brockington,
a160539017,earl,
c142514848,wood,
e130714151,,michael
d159247437,,s
e157147354,,ratchford
c162154405,t,
g107246555,drew,
f160361963,,lee-ann
d194502585,roberto,
e197396197,,joseph
b193154233,,
e115272261,caprice,
i161125449,eric,
h106320217,,joseph
h153682725,,luke
a147072514,michael,
g188236134,paul,
c131102404,evette,
i175277541,,carolyn
d140562347,andrew,
g123011065,paul,
g194001179,,lee
g151532842,,marie
f119232435,denise,
c194048645,,addison
a106882173,evans,
c136104641,royal,
a172970397,,corey
d167816082,renee,
f188241118,wilkie,
i179607705,blackwood,
b119514265,val,
f134649290,,
e149664392,m,
c167942599,,wilson
i199029993,howard,
g115506401,ciara,
c177216564,,michael
b159168839,rashawn,
i133129355,,david
c154541854,carol,
e191985576,,reid
g188089199,piner,
h122322264,,douglas
f117992021,,blake
g144432652,ann,
e185768592,jason,
a140864474,wayne,
c193168187,borja,
e115550876,elwood,
c115043086,lynn,
a181210762,ruth,
b137851536,,alexander
d104751475,blyth,
d184100938,adkins,
a150443211,,
f136103363,,
d141656364,phillip,
c185511426,,lucius
f161984901,alexandra,
c190974105,,susanna
g102928984,e,
h128267699,logan,
c168053500,,bowling
d168418744,,maurice
f188950345,edwards,
d175126698,hunt,
h122585805,,antonio
e109247723,larkin,
a109378497,,marie
g132253132,,w
c199933954,laina,
g106515952,,hardy
f190740317,victor,
h182990605,,chapel
h169770561,lee,
b137351531,,jason
f138301781,,gordon
c133969529,,elliott
e186752202,stamper,
a197488277,scott,
c114634228,,matthew
b165388058,,elsworth
d165933083,gregory,
g190601345,,lee
c192939768,,gray
e133511623,renee,
b128557787,richard,
f150201443,,fulton
f150201443,,fulton
i161675278,,haynes
e140798310,moore,
f179605790,,marie
e117284589,,w
b131228346,,michael
i156962491,honeycutt,
e130265631,,campbell
a114407798,maurice,
b123928306,ann,
g143043155,katherine,
a193004076,burke,
i113505258,,ray
i113505258,,ray
i119383168,,cyril
i119383168,,cyril
e195895261,alan,
a164928893,,manson
c102648246,,lararntae
c102648246,,lararntae
f152750122,,lee
g197383266,lewis,
e182853759,beatrice,
c194452530,wesley,
b134001224,h,
b151828469,,marshall
c127899056,josephine,
d179458066,,nicole
b109172175,,christopher
h110784137,ann,
b155543869,mckintley,
c144007351,,tayana
c120573345,,blair
i157809628,,
d189358417,,rory
d189358417,,rory
g146065251,renee,
d177281790,,william
h150973361,logan,
i119312434,,alan
a141162631,maurice,
h175304148,h,
e108894328,quintest,
h152373280,lee,
a145986496,tony,
g137535973,j,
c137470317,,sylvester
c158955874,,laquona
g141033546,nicole,
i191118147,gary,
d125495359,ferguson,
a128081676,,brian
g114735911,susan,
b173530360,manter,
b173194877,mcarthur,
h147198864,dale,
a176779499,,keith
i127019505,,ellay
h195074690,,k
c187905416,lee,
e152873822,,
b168282187,,james
b168282187,,james
b109300806,theresa,
c138642883,william,
d190393980,,richardson
g194412634,,e
d190177923,,jean
h166492367,hewitt,
d121064187,j,
b148031862,cole,
b183180156,,presnell
f110521466,,allen
c135651653,,carlton
d191801587,,laverne
b107874932,tiara,
h147250121,wood,
a122908038,sykes,
e111206277,,white
e165959451,,mallikarjuna
i162883156,lee,
h111301912,,
g195487089,,alicebell
c168481462,cameron,
b193203583,joseph,
d158126385,hicks,
e117710437,,prevatte
a178084086,shacham,
g173901664,,makel
i106439602,,edwin
i115121207,jayantibhai,
c141800766,,
g114700130,leo,
g144939377,,lee
i153925820,,w
c112721261,,e
d166934155,williams,
i147287552,joseph,
a144300337,,michelle
f122666649,,r
f199894560,,lynn
g147948425,,
c168196579,m,
f120655064,t,
c102350258,oliver,
e186895990,scott,
g195817064,james,
g107910391,nichols,
h145862082,,tawan
c182919379,,price
h131237014,lavern,
c178874087,,elizabeth
c106761157,,sanders
a189246919,,roger
e112972624,gorman,
c169773253,berry,
e142868009,lee,
d149502513,,
g180946950,elizabeth,
e182637563,octavious,
b147687094,,bradley
b189247205,arthur,
i196306080,,patrick
a140173499,,c
h179453440,,jeffery
d125953285,n,
h175350706,,nicole
b147520668,latrice,
d181572055,alyssa,
i173650902,,marie
i121982420,william,
a192591207,david,
h160129224,,adam
a185349271,,lamont
e120127126,,laurice
d178355807,,lamonds
d103219342,denise,
g174377560,,alfred
f147971675,tate,
g153951913,,williams
a189839127,steven,
a159511096,william,
h134735594,,louise
e187251273,diane,
e105711131,rich,
i187541487,,loraine
d141684291,,edison
g128673932,earl,
f164343905,,shane
e199485617,darrell,
e136977422,church,
d168229457,,nelson
i158280287,earl,
g161924850,,edward
a151819561,jace,
f138415973,,lee
g147264781,,sebastian
i144658057,,g
c188376611,,michael
g161024613,spencer,
b102224919,andrew,
f130676209,c,
c146361851,,elizabeth
h110579173,,brian
d103789095,johnson,
e108749822,,yarbrough
b102652070,michael,
a140546427,gustav,
b173514851,joseph,
c144960311,daniel,
d163425680,,marie
b131713339,,narron
c131550296,pino,
i160200379,,thomas
h123709367,,randall
a125883629,,adam
c190344165,,homer
h127903642,,
b164664253,riddle,
f138970564,wayne,
a135695582,mohandas,
c139807413,ammon,
d152639798,,fetzer
h140033741,p,
e133560908,,hendrix
a119632991,sheelor,
i175525178,kenneth,
h154128495,,ellis
d174268305,lee,
d139279946,,delman
e186410822,brent,
a129422862,,holland
f145744368,,r
g137330996,alan,
i136376415,gratzick,
f114649584,,albert
e184786219,,edward
h127426415,,robert
e168919963,,elizabeth
e168919963,,elizabeth
i189869158,kenan,
f109545759,michael,
b194411343,edward,
d145702511,,harlyn
a145937355,,alan
d197177994,,mark
a159102069,,curl
e175657967,roger,
e174552345,,rebecca
e125358155,,dunn
c184139123,,annie
i166576298,wayne,
c186396318,gardner,
b127590239,,j
h135926843,douglas,
g100870335,,frank
d198246871,matthews,
i197381436,partee,
a171639099,,patrick
g125627437,,
i109145461,,m
f186328520,jean,
e106976501,,campbell
i135124162,m,
e129498551,,blake
d117761787,martin,
c119402997,,symone
b168302800,clifford,
b156533287,joseph,
f185312669,,
h185445522,,zuniga
g156990210,,thomas
h107440266,ann,
d137552844,dean,
b170106697,,ann
a140303432,,yarborough
h166967895,,greenawalt
a103614440,t,
i164651026,lamarr,
a188670959,,r
c176596150,vance,
d141406053,nakia,
d119265735,mae,
e119906786,karl,
b105858876,j,
f133162964,,
a191436995,henry,
b180541094,,e
c116834579,,sellers
h143062446,,michael
h143062446,,michael
i197938986,,edward
i197938986,,edward
c108127800,,robert
d154154764,,
i177926558,eugene,
a188364978,lester,
d124116230,,j
a183368382,daniel,
i170928300,dwight,
i160256646,,hampton
b174159888,,dane
c199616775,,oakley
d189370296,scott,
i184192157,,
b186914070,,allen
g183172040,lansetta,
f123161983,,tyrone
i165067003,,edward
a197238912,,spence
b129087341,,tyrone
f141688475,,stratton
b145754983,michael,
e177145089,,victor
g182513301,caitlyn,
c191222514,,
h192693459,lee,
b138092627,l,
g177858168,smith,
i138968969,,benjamin
a107820067,,lynn
h141692495,,alan
i181834221,todd,
h170256135,,eugene
f102539341,charles,
c125358549,marie,
f189804199,,yellock
d176666207,,mccuiston
f167939379,,
i153611177,,marie
b180920223,l,
b175985126,d,
a147450227,,adam
h141133965,hiram,
d176285235,reginald,
c146890360,,kirk
g127441393,,mccracken
e158543782,ramirez,
a186863234,h,
f105025672,,lee
i112492747,,milton
a105002382,junior,
h193252638,s,
e111097449,kyle,
b116540992,,benjamin
d112210812,marie,
d155807717,dwayne,
h176901158,,neal
e115692895,,
g108505115,,sue
g108505115,,sue
b162068215,,wayne
f111432966,ray,
f111432966,ray,
d157341430,,pickral
f155359335,,antonio
g122541821,,carol
c111640163,joseph,
f116329174,eddings,
c146194945,,
i179950936,edward,
b145567387,,ann
c145480463,,warren
h134738780,,christopher
h134738780,,
a197725856,,benton
d146581894,scott,
a125295321,,canipe
e136472403,bailey,
g102235236,bryant,
i172839130,,ruby
f127644564,,daniel
h126733784,wayne,
f117388368,,croom
g115033337,t,
f187624220,karl,
h107928549,davis,
i190441593,mary,
f178899535,,bryton
e143419945,,w
i106986140,lee,
b124078884,,ray
f191955989,cecil,
c145768793,,edward
e108727872,walker,
e124634431,charles,
b175823511,,david
f115323323,,register
b194372026,kevin,
i174030775,,hugh
f153523938,williams,
h171803137,wayne,
b131011762,louise,
h167074829,,m
b124762809,john,
d144444949,cameron,
f161953223,b,
i139749434,ann,
g173677234,arthur,
d149867205,,nicole
i189775582,,tyson
f133181420,,leroy
g175533502,edward,
b119423019,,laray
b145538221,,james
h167691729,,evette
i189387981,lester,
c194044596,robert,
c189476169,,
a141329601,rebecca,
e180016909,,nathan
e138454396,patrice,
a195669840,thomas,
a176355287,gregory,
a153401090,,earl
f131892775,,patterson
i175503930,,ann
i159310778,,lowell
h199992592,beth,
e177439078,frank,
b117343779,,harris
f188637314,,
h105897688,,curtis
h105897688,,curtis
h138248917,j,
g103531822,graham,
d125138409,joseph,
d188276791,ainsley,
b183085820,cupp,
f141608062,cortez,
e100035006,hendricts,
b100827971,,l
c195328252,,j
c189769942,jermaine,
a117001681,wayne,
i152700027,,edgar
i152700027,,
f133938438,,aimir
c141538133,ann,
f146542839,,michael
g151268557,john,
i130376730,,s
g147514511,antwain,
h105995986,nelu,
b192796207,h,
a196924486,john,
f173520847,lane,
h150606166,,marie
g167782874,,edward
f124989640,,lee
d172397848,christine,
h149362710,austin,
f129353279,,john
i166370818,,isaiah
f131261866,joseph,
d106414217,,milton
d113999415,,ivan
b183343389,,
h185793511,,seda
e185124854,leonard,
a151369454,,gray
a174115817,e,
a167960652,s,
i163092799,,newsom
b197348449,francis,
b104169386,,aaron
h153611554,,michael
a155349794,,craig
h112207107,cook,
i137436427,donald,
f135014606,,
i177463213,lynne,
a112408654,,thomas
h116866862,,lee
i128760386,,david
d111805567,leon,
b167870573,,luis
e143730037,,terreze
a171475706,curtis,
d166011039,christopher,
h170460287,danielle,
b190802835,,
i193102071,brunsdon,
g102930203,,calvin
d124822762,w,
i161823117,smith,
d171374656,harris,
a165519665,,charles
c195317459,allen,
a100186005,,green
f179911659,lee,
b134690655,william,
d130689043,,hill
c136730290,,ivers
e112653272,lee,
h168083142,bryan,
g132676497,edward,
b172057031,,
f123457339,,jean
d167178500,maria,
e129371945,,jane
e129371945,,jane
g199632660,charles,
a182279079,allen,
d190694060,,ellen
c107835086,,byrd
h194526206,,milton
i155907977,matthew,
d135662598,sean,
i192618032,mae,
e103758006,,ray
e147860052,,
e147860052,,wesley
i197861430,willis,
g150598787,,terrell
d176346596,,w
h114144038,justus,
g143092181,,pickett
c189270145,,w
f107574620,,folsom
f107574620,,folsom
c165986372,,damond
c121242582,michelle,
c187827452,,lovette
g100436654,,wells
i127223321,rose,
g141757340,,marie
a191137490,,wayne
d147173696,,linebarger
a165927087,melissa,
c101607956,massenburg,
i103778333,,carol
i193769306,,joseph
c168918670,,george
e119697386,,michael
d125334877,,h
f133702515,alvin,
f121918767,,arthur
f197213166,,edwin
f112344540,thi,
i190318634,,edward
i134681030,,rashaad
i179128286,,
h182000533,,brant
b139376269,,andrew
i106481651,,lawrencemichae
c159180757,,fitzgerald
h130561895,,carrington
a184534884,forest,
a184534884,forest,
e192263148,,martel
f113881842,craig,
e133341212,,trotter
d105496492,ann,
i181763280,,lee
b177934303,,lee
b198701317,,jordan
e159719557,,jacob
e198785943,m,
b178001560,,o
e169264465,bradley,
a174326442,leroy,
h136618393,,keith
g113341343,earl,
c169074935,,manuel
f182218278,dale,
e169838823,lynn,
f178623991,,elaine
b185743504,joan,
h112074248,,
c122772665,,lee
b142413134,calvin,
h150242435,,
e197247262,mitchell,
a198442267,h,
g115327199,jay,
a111078289,todd,
e188248283,matthew,
d137625336,,lmrs
a121671391,ronald,
a132661579,,aaron
i174138670,winstead,
i115734023,john,
i182781983,luther,
c164695341,taylor,
f114872555,yvonne,
g128687655,,
h140060185,,b
f174266815,efird,
i173124100,pirie,
c143419253,worsley,
d166825977,cameron,
i115354054,louis,
a102676089,richard,
c155666729,james,
d161473883,lawson,
f184037772,amani,
d173092848,,rae
b169036518,jack,
g112890482,,anthony
f112150570,thomas,
i165721956,christina,
a165728878,willett,
g122126923,,carl
e198673036,kay,
h109354996,david,
a110864211,,iman
f158140607,,lawrence
e179376969,,eugene
g148842211,bivens,
a147961418,,davis
h148544777,,omar
b137797981,seymour,
e171628561,scott,
i180023728,lynn,
i191011791,,shawn
f190828034,patriscia,
f137811270,,keith
f133193071,,price
a168176271,michelle,
g153528375,,jean
b197217667,,truman
g141254940,l,
d188772050,,tripp
f196631224,,b
f184914346,,
b138601345,,
c188695908,marshall,
c181797525,,lanard
c144014948,,
h102236815,,allyson
b190156899,geneva,
c141458880,renee,
h161325701,,c
b134040274,,hobson
b153336610,b,
c172115932,,kyle
h111164853,,calvin
h111164853,,calvin
i126757591,elizabeth,
g162602175,merritt,
i163907900,,gaye
h146969672,jack,
i173230636,tylor,
e174171958,,darren
h179721074,,mack
f181786308,nicole,
f155433330,,sue
f155433330,,sue
c162873575,frank,
f115369849,,ratledge
c101069480,baker,
b128695362,,dothit
d107694816,aubrey,
h158467847,lewis,
f162379556,esther,
a168096905,r,
f188692096,,baldwin
g167994540,hale,
g102368784,ervin,
a100238040,daniel,
e110086140,,l
e110086140,,l
i178590974,,l
a120213172,,n
f143852943,,blake
g127441514,prentiss,
a186296996,,
c108506700,l,
b108673242,,nicolering
a190585031,soto,
a132868149,,trollinger
e134084117,anne,
h157085797,yates,
b195854963,ryan,
h136253904,,gail
c152157759,,robert
a166905325,bennett,
d193893538,r,
b195962288,,milton
i125156585,,robert
c169672161,,lenette
d157987304,c,
f167664497,,nunez
d135576929,,benjamin
d177811998,,lee
d177811998,,lee
f127060207,,wayne
c104575171,anne,
g193480232,arlette,
f116031131,morgan,
h194706374,,david
i193915967,j,
g154807624,,mackay
c113232100,,
c113232100,,alan
e134965249,lee,
i191927009,t,
i149209836,edward,
i150052745,bryon,
e153047101,,l
e191222530,james,
f149415746,paul,
g185911812,aaron,
e131194898,moss,
a194081467,,
h158070436,,c
d107937030,waddell,
e196024515,marie,
f160426005,,michael
c158335729,harold,
g186761797,,scott
b123518503,floretta,
g126618767,lynn,
h169975017,,johnson
e144278850,nohora,
a154676378,,maxwell
i182316461,michael,
g100501653,wilson,
e192773670,,melawn
h194951182,lee,
g180320266,ernest,
d118923358,,william
a134462430,j,
f183529937,outlaw,
c183174780,leslie,
d186099302,,l
c103549405,,m
i158201698,wade,
g186406017,,
i124175108,,lynn
c144709416,gordon,
e139892999,,raymond
a190232982,,stephanie
a143044543,,goins
a143044543,,goins
f196737359,roy,
a114730360,h,
f138055239,ray,
c177116154,,deemes
h186042118,patrick,
e140128079,hiley,
f122895277,,dawn
c139151331,,
g195133589,,patrick
d154695302,lee,
a165957129,,faye
f100932552,,alexander
d162786623,,lewis
c100359687,kenyata,
e115757646,ricardo,
b192911837,dwayne,
c191112439,,suzanne
c187034763,,lottie
h126632674,gail,
a157493553,marie,
e166299959,,edward
d170783021,thomas,
c154394466,,jane
b111938764,,ann-sims
e165598875,terry,
d175292905,ashby,
a170769194,bissette,
c161776907,edward,
h129305814,dale,
b165475858,,d
b104360196,,
c179637349,thomas,
a197767589,,dianealisha
a197767589,,dianealisha
c135412578,,l
i159438683,,thomas
h132495577,j,
h133589017,lee,
i161408621,richard,
a129634190,,boyd
f106342972,,
f165533557,denise,
a166055952,,jonathan
h138023208,maire,
e108427955,hampton,
b117975606,ray,
d140757430,fitzhugh,
g118052497,thomas,
a166222875,diane,
g100528766,womack,
g175914919,,eddie
g153590117,t,
a117633452,james,
a144943869,,l
b100700080,,nathan
h147262111,marie,
a100646177,,andrew
h166912114,,maureen
c137199794,,michael
a114864526,m,
d162663192,,
e116409059,jean,
i118735572,ann,
h126305215,monique,
e151180218,eugene,
e151147173,,connor
g139286960,lloyd,
h182994117,,weaver
b142263237,,
d185505838,jane,
h167504303,,
f171058088,ray,
a130299972,lyle,
a169616783,,neil
h145114872,,joyner
a182392217,,b
g194599175,lenise,
d150892982,gray,
a171910013,lewis,
e128514521,andrew,
g137334652,jarad,
g120480721,chi-ju,
e171900314,,anthony
d159735967,,
d129148318,dean,
e100192615,derek,
i177306631,mayrovitz,
i113975566,cancellarich,
d195382509,flay,
a195587192,lamont,
g118179436,lee,
h112972132,,inscoe
i140312652,,wayne
b137531741,donta,
e193314776,,marcus
f152641405,dell,
d146220357,,machin
f171926923,e,
b180948143,,
d141728345,,james
c114877451,robison,
g121841848,,daniel
f158708055,,jo
e191822001,clayton,
b183886730,tiara,
f125975484,allen,
h173036220,,
h169614001,,edward
d154005571,,david
f183443971,,r
c135476442,,thomas
c134817780,walter,
f152793367,,finney
c186916737,may,
g160490748,kristen,
g160490748,kristen,
d150141025,ronald,
d110091337,,lynn
g179553266,,john
g190057729,memory,
g114833722,,raymond
h145700883,,francis
c102065902,lee,
d158266470,,
h144606803,,
i186925951,,vandon
i134567107,,wayne
f172328830,,michae
g118475419,gray,
e112412460,,joseph
i181724070,,ray
g106171165,,lewis
b152153527,,diep
c188130321,s,
a115700417,clyde,
b181007549,,mcmillan
f156838848,,irwin
f188017951,,m
i121570573,,
c172158806,,dianne
h126932043,jean,
d185909575,edward,
e189542243,,salmons
i120179554,,j
c194724269,alton,
i180228836,,lee
h178830906,,
a170154609,,anthony
e105175171,donta,
f126785698,hunt,
g138533073,ellis,
c118239499,,kevin
i185688273,,david
i124825194,,roger
d185163908,baker,
b102634073,,phillip
f133104059,daniel,
d181451903,,marie
g178100496,charleen,
b134270953,james,
g160154965,lenore,
c141431498,lawrence,
a119276958,,white
c192346495,wayne,
d177412454,lee,
c100748553,ray,
d112620710,,cupp
c116952636,francis,
i160625422,d,
d190446252,,brian
a153822607,,michael
g108842615,,thompson
g108842615,,
d115548823,,henry
d180497300,,joseph
f196546898,,shavonta
c119265186,arnold,
e199559433,,b
c179418869,,eve
i185705524,joseph,
b111827708,,sentell
f186639265,,edward
d107922290,,lee
d107922290,,lee
d173847722,thomas,
i117725080,lynn,
e141826035,moore,
h147018454,,elisabeth
b116946649,,lynne
g172020733,,edward
a193073218,,
f178747908,,e
f178747908,,
g132404743,edward,
f181704564,,frederick
g117635225,michel,
g115403703,,wheaton
g175636539,,austin
d178134450,,jeter
d129043948,dun,
c104780782,,nkemakolam
g147782614,,clay
g147782614,,clay
e112967432,e,
f190247400,,timothy
a171152468,cokee,
i103070075,,perry
a148096197,,
c127393559,,theron
b194401400,,sharyn
a196556743,j,
e138206518,carmichael,
e198269927,hernandez,
d172869720,,scott
a141032938,,roger
h108100219,,abdi
h106711795,,anderson
f129987438,,m
c146141296,robert,
d168059672,,andrew
c139546117,habich,
d149421872,,denise
h109073965,marthawilcoxso,
b138293366,earlene,
a125841696,william,
f166524424,lawrence,
c197175949,,shelena
h132464087,,
a175875118,shaw,
d164779459,,jamison
a178434725,fred,
d135105430,george,
c191538667,,seth
c194403106,,
f176283231,allen,
g159012338,eric,
b116122955,leeann,
g193684311,,ashley
h131550218,,jermaine
d168675496,,tyler
e196572998,glenn,
b122099107,,mayo
e153464616,joseph,
i125203677,,allen
g146166652,,jones
g146166652,,jones
i123369002,,dennis
f135272710,devaude,
d150745637,sutton,
e115600548,f,
g166604475,john,
b176574535,,lorene
g116745803,qasha,
f192272497,lewis,
f100633909,lee,
g114254116,,rebecca
a195132305,,d
h137721040,robert,
d192481915,,jenkins
g132562452,,lyn
g198827305,patricia,
g136956641,,todd
i102636372,,horswood
g157543258,,louise
d171023670,,jeanmiller
d188996183,,
f173521117,,sherwood
a142481538,lynn,
c114170718,chase,
h193892254,,lee
h193892254,,lee
f152407025,dubose,
g147122262,,eury
b181261515,,l
g141128278,,charles
h190249015,jose,
f166259789,,august
g145111090,dwayne,
b169042488,,james
i192190873,lawrence,
i119658348,,l
c112521021,,scott
b174616279,becker,
f153011121,david,
g173316593,,mack
i148199425,,anthony
i164078394,,w
d185012884,p,
i186037913,,barnhill
a105376962,anthony,
e161021785,caleb,
d162579934,,smith
a181628335,n,
h152821430,ray,
c142423957,,william
e192317391,melvin,
g128144371,guy,
f196060186,,anthony
a147822333,c,
c129625057,bedford,
e126091008,,elizabeth
g166742752,wesley,
d157863541,,richard
e152938433,,tyrone
c189804956,,latral
h170491907,barber,
f144465074,,radcliff
a180123375,,watkins
e129154509,,lee
f183612340,,perry
h198672373,eric,
a197526366,karen,
g107492064,thomas,
f106312178,hsang-yang,
b130196049,,jean
i170922080,n,
h122750099,antonio,
a175949550,,ashley
h106653948,clifton,
d166033823,,r
d125277789,,len
f108884058,stephens,
h158626329,,
b160164301,,redden
i178495061,m,
e136683146,m,
d156725225,terence,
i136079431,lee,
f144102532,,karjian
c150364767,,mabe
g157007242,lee,
b111879541,lucille,
e190156101,vinicio,
f125440435,keith,
h188710498,,slate
b189002671,frank,
h100024649,lawerance,
d107531693,,lee
i111080708,jason,
e102880656,,earl
g104270864,devan,
b149831561,rouse,
f157712320,eddie,
g141529444,p,
b187273051,,shaunri
b187273051,,shaunri
d139352931,annowen,
a189994142,leroy,
f130076452,hugh,
c117815200,lee,
d104712837,,w
c114541157,william,
g127994581,ashley,
a125537313,william,
g173977998,,melvin
e111505290,d,
i163878171,,swindell
a189044065,,samuel
g115616461,l,
c155640633,michelle,
g196977856,max,
b118233361,donahue,
h112580725,,kent
a160738901,f,
c104533367,,murphy
a116519505,,thomas
b195235001,richard,
a184123457,,jordan
c155872893,,nicolle
c108304776,eugene,
e172214429,rae,
b175153488,ward,
c121932943,michelle,
a154163950,michael,
i155270701,,clemens
g151545825,w,
e109416122,,fowler
g142624299,beth,
i167135275,,noah
h160216586,,alan
c169382462,faye,
d198097150,,hort
e173238533,antonio,
g161275758,,merchant
c188903484,lynn,
g123425794,,michael
h190635013,,nicole
h113549468,,thomas
h118136685,,william
f121918854,,ann
h111057864,,sarcia
b101661401,,ambida
h170486355,vladimirovna,
h148204605,tamar,
b177744906,floyd,
f199328682,,danielle
d156882603,christine,
d120137002,angel,
c179194918,,norman
g116790148,leigh,
f111414740,harold,
i179827588,michel,
b185856959,,jackson
h119069092,,deshun
c118273103,,t
c118273103,,t
c163104194,lee,
c152793227,fitzgerald,
g100067005,r,
d167297131,joannerushing,
f176686668,edwards,
c152358160,,ray
f152360469,,
f128547328,,manuel
e110117530,,raynard
i171414516,charles,
a108513062,louise,
i136959547,wells,
e116894222,,ronald
i124811011,,lee
b184300829,allen,
g122221294,,thomas
e157323005,,
a113630258,shakia,
c154038942,harry,
c178686401,denson,
b122837891,ross,
i135850777,glen,
c102312826,shane,
d143048037,,foster
a136245455,christine,
f152149437,whitfield,
f184336204,gayle,
d172366095,,marie
f143396014,,slover
i145875114,,e
h178281459,,
c166243798,,ruth\garland
g155012626,warren,
c155671521,,augusta
b146853319,sufi,
a157810654,kinlaw,
d103004613,garvin,
a176686457,,mcleod
e134184911,,hildred
c100104933,,
g164921662,avont,
d136082806,,allan
g160834000,,lynn
c166127322,,shane
d178887659,linen,
c185993240,,
f169308549,harold,
g127410088,,dawn
e169469900,mason,
d127713209,,douglas
g155303154,ray,
a100368308,,wallace
i155720306,,laquari
c171539108,,henderson
d185923446,,lamont
d185923446,,lamont
c118186667,brooke,
i144561053,,o
b103817890,,lee
h107357917,wayne,
i175967452,miles,
c116931666,eugene,
f146458022,james,
i106327384,lee,
c139842442,loren,
a116879139,franklin,
h176255800,elisha,
b198632260,m,
i161522802,lee,
a170877562,,matthew
f147946067,william,
a171408784,,nicole
e192767081,,paul
e160095087,tyson,
f158811337,,b
b181286740,,william
g148141470,wesley,
i195421259,,dye
f110626413,rae,
c187189295,,william
i148822159,,bernard
d142648158,,maloy
g175536549,gene,
c161990320,sue,
f182531362,,readling
f195972657,,hubbard
g194122569,francis,
c106041292,floyd,
b163807672,,joseph
f114484978,,joe
h124082083,barfield,
a175036249,james,
b186303812,eric,
d121270994,,
d106755031,,alonzo
b145030029,coston,
i121632365,,
c169362580,,t
e183191158,,w
e183191158,,w
d198304659,,c
e105756179,wesley,
b132184903,,hill
e135079595,l,
d117058139,,ellen
i152854969,jean,
e131638572,scott,
b172725386,,helene
g198277647,,
e186877695,,douglas
d125054241,,elizabeth
g148356872,martin,
e121959657,,
d139437357,,
a132354867,,douglas
h160429666,,
a126102023,,mae
h164418879,,owen
f143408389,,burnett
i110630770,,dee
c153001915,chase,
a158949636,somers,
a158949636,somers,
b172269301,burton,
h182100403,albert,
i154400104,,faye
h153840720,stephan,
i163421711,,earl
b111430025,,little
b111430025,,little
i172823408,melissa,
e154365132,ross,
h137866254,,palmer
i192728769,w,
c136253561,,i
b126724231,r,
g110683018,,hord
e159442427,n,
i129250877,travis,
a153479164,,ann
h155357400,mcmichael,
g129773009,corben,
c105656769,,kent
f151513626,,
f151513626,,howard
d189010448,danielle,
g106745348,,leroy
d164745772,,marvin
f127083351,,l
i113101344,,dean
d107071290,courtney,
g156670253,ross,
a103517681,mason,
d195133972,modlin,
g119664723,kettering,
g175568672,,d
f196463988,,francis
f196463988,,francis
c161085668,j,
e191712105,,smith
d112701778,,lee
g158766219,kriz,
a107667083,johnson,
b193831568,lafaye,
b151149346,jenkins,
e101843905,,thomas
a121256781,ann,
h196361138,ray,
i190357581,,david
a194969651,,wayne
d195552321,william,
h125247782,michael,
b198732892,joseph,
d136988138,junior,
b135930194,,t
e151288954,,lamont
i169200791,belinda,
c162732258,ray,
e149734585,william,
b116055798,smith,
b129764433,,branden
f154727302,,singleton
c195271577,gordon,
h116668234,,gibson
g199049540,scot,
i150739393,keith,
i177380182,marie,
d112270498,david,
i156676091,holub,
f120206549,fredrick,
h106079211,philyaw,
b162088888,wayne,
e114774216,andrew,
h172848720,mark,
g161335452,jonathan,
f106889904,danita,
h184541587,lamont,
f198310036,wesley,
i115827629,lawrence,
d131950530,willie,
g101215582,neil,
i198559636,s,
e167922396,,lew
h184749006,,preston
f138901712,,p
i134640640,hughes,
b165968408,,e
i109275791,joel,
a123993542,bailey,
g120743938,,lippman
i124539036,daniel,
i105229190,,andrew
a116986424,,e
e173270128,,elizabeth
g136107619,alan,
e183160670,,david
i156894035,marie,
c156103816,,marion
a176843581,,beth
a112830763,hollis,
f109303325,j,
e173641529,allen,
f149027082,,wheeler
d174591637,maeleaugunia,
i194714117,ford,
i125669923,eric,
i189234720,,franklin
c152419334,,dean
g143282561,tasios,
b108777774,,patricia
e114924046,steven,
h102358964,brady,
a132446337,j,
a113308941,ann,
b103601332,,
b103601332,,albert
d196310115,,
a111386693,v,
i195327402,,leon
b123185884,,bryant
f192959994,,todd
a180553604,,maurice
d113290938,,lyon
g100741969,,lee
h189857527,,neyland
h189857527,,neyland
e112025114,,ann
i119531029,,bryan
h121048364,,t
d172273853,,gregory
d172273853,,gregory
b124082851,jones,
e199433963,,lee
b133049431,taylor,
f168697692,michael,
a167437210,,jerome
d185992674,,harold
e137624876,earl,
b162617028,,best
d155426581,marie,
e165550224,,
e165550224,,marie
e140804859,,
f188872046,t,
b140172325,,alexander
a145379433,anthony,
h146719880,george,
c173894995,,deshaun
d114164671,,kassem
b149235778,anderson,
e135496936,lynn,
h167065027,jane,
h191814425,edward,
d100249994,,cress
i127763118,bladimir,
g116575960,,david
d143667727,franklin,
e146491070,,elaine
c108051242,,jean
f126857882,reid,
c181794976,ruth,
g143523497,,edward
c173354372,michael,
h107260895,r,
f133591017,,dale
f170822433,alexandria,
d171468541,green,
b190032406,jabar,
g100568812,,michael
b174270311,,r
d140653365,geraldo,
i168740053,mae,
h195443126,,jax
i140477105,,layne
i140477105,,
h107471187,,monroe
g143019342,l,
g127702080,jerome,
f149147057,h,
a113922447,wilson,
c152033929,clayton,
i195221576,caleb,
b190398757,thatcher,
g113506551,,
c143582018,marie,
a184069881,,willard
a133733714,s,
g123101600,,howard
e133151759,wilbert,
g124894423,,cole
h138168451,matthew,
g152315092,jiles,
g162428905,,
i124919571,small,
h182689300,,r
g189814057,,currin
c122357522,,marie
d133542908,,edmon
e120854285,,savage
i118661803,,mcintosh
h185219430,william,
c123977103,,paul
d169784779,,neil
f183143562,davis,
b102992076,jay,
e114995266,marie,
b152883136,wheeler,
i134137136,m,
g121363327,william,
e170797102,,cameron
i152750569,m,
a122703597,,brooksnyland
a125398982,alden,
g114225777,,lamont
a157961557,,
f135855854,,
c176214949,daniel,
i118083995,,lee
i118083995,,lee
b119777387,lynn,
a187371881,gary,
d191207596,,joseph
f110454725,matthew,
e107904195,wayne,
h188795345,edwin,
h116209614,,alexander
h116209614,,alexander
b133805944,,s
c139259057,,katherine
c139259057,,katherine
h171835177,,
f103566175,,william
f141157969,ray,
b180289547,,fredrick
d103120947,,davias
c189325961,paul,
a118382192,,bradley
i157519625,paul,
h183822171,,bert
c100394535,,william
b112979040,,renee
c176160788,,mark
h187543595,michael,
e140013180,phillips,
i155138767,miree,
f114203670,ellen,
f189900848,l,
g169123748,,hankins
h137096348,,larue
b111381003,,
h116853200,brian,
e168797075,monroe,
e126283958,andrew,
a191893794,,h
c173772549,lavanna,
i141744598,ray,
d147308344,f,
c149035727,,john
h161593494,alexanderpres,
c191438427,,wayne
b157698770,wesley,
f184807110,lesher,
d187062212,clifton,
b176455591,hubbard,
i143310072,,jermaine
i189385093,joseph,
i112831148,,jefferson
d109749372,colleen,
g100810641,,caughman
h195554197,bruce,
c160531687,,charles
c111427518,warren,
f198095363,tremayne,
i101563944,lee,
b175079900,,hurst
i146506899,,junior
d108744278,,christopher
g155858980,,adam
a101632984,,myron
i198497135,josegarcia,
a139540926,,janette
i173617235,purgason,
h198099696,,
b161444073,lynn,
e103969511,o'brian,
d158752984,,ray
d158752984,,
i130060630,,delphine
i130394871,,j
e181661087,parks,
b157975165,,russell
h182268878,wayne,
f173147131,wesley,
g102133841,christian,
b194030965,p,
e178392842,,c
b168753047,k,
e188254925,,howard
e103614961,rogers,
e106840772,spencer,
c111114118,allen,
d155498634,,clyde
b141228470,,lindbergh
c194421365,,garrido
a100849871,r,
i137875629,,paul
c199741184,,forsyth
f110380903,l,
a146752834,,fredrick
b161762978,,elizabeth
b139302583,p,
d131138985,,ellis
d131138985,,ellis
i186450006,l,
i139210688,,grayson
a188834560,russell,
c107477640,,earl
e110675737,,lee
b189219156,beachum,
c147781267,keith,
a143119314,,
i181953530,,cole
b112985926,glen,
d154474904,,dorelle
i173699639,leonard,
d110979742,harry,
g105789794,amar,
a161506894,adlaon,
g189474648,morgan,
c155353439,,trenean
e196479803,n,
i137952547,,
a194540764,andy,
d116475267,,dawn
c193217421,marie,
b120525891,,
i171924260,,thomasine
d110276744,,franklin
f137604148,reyes,
i153627668,shoun,
e188691596,,r
f169798644,,eugene
f108696465,stephen,
c123034826,,daniel
g131667431,,speas
d169708443,,
e157230752,,stuart
g163961947,,lamont
d145434628,allen,
f168092529,bruce,
f159268366,,cascelle
i129026036,,
e115919933,,levon
i109992056,,scot
c112616582,edward,
h167825460,eugene,
a166861378,avery-scott,
c141692102,christopher,
f177379531,faye,
g124477148,lee,
h194615993,,johnson
h149015393,,alan
b172204654,,ann
b150155813,,s
g184424930,wright,
b131062518,,harvey
f118403849,,allen
i175317944,,ashley
a144703261,boyd,
b148390918,,david
g108190266,bailey,
h155486426,,charles
i151226807,,rose
a106399054,,richard
g154305772,edwin,
a183048648,,james
d117619110,p,
e139436180,tarek,
b185604267,charles,
g152966500,tyler,
h100922107,,annette
i119201283,ann,
i119201283,ann,
c126913235,,leon
e182677713,,ann
b193475281,possas,
f106472992,,g
a183280975,,l
a183626041,,lee
a133028843,,thomas
e162068858,peedin,
i151434975,,elise
d102306146,hubert,
d189384212,,eugene
c122268453,devante,
f153846212,wayne,
g139568587,,walter
e118391001,ann,
a105525456,l,
a192531025,,wesley
e102946729,,willie
h150559903,williamjose,
g155372673,,steven
b199329581,edward,
f138177714,alan,
f116927571,howard,
f136850257,jones,
i182418934,aaron,
h199338773,,marie
h183289207,brian,
d139370577,,kay
h149631213,,benjamin
e166552697,,horner
c183236122,,lee
e119155538,luke,
a127014228,,feleckia
g157700256,,
e118820738,claude,
h190058103,,lyn
f164929782,,dwight
i188740488,,gene
e145479240,,b
f155211644,,david
h164269881,joseph,
e183738060,j,
i114934727,,lynn
c139014212,,b
c182165725,selby,
b190963743,chester,
b182100899,c,
d150899296,,andrew
g183617290,hampton,
a170365052,robert,
a163204795,,floyd
h118369123,,willis
f130616183,,evette
d110400060,g,
i106166024,,jeanette
h114216048,daniel,
i115834753,,matthew
h143585214,francis,
e133106421,d,
h156399548,willard,
d193617022,,henry
h112620918,johnson,
e147833349,edward,
i183608267,henry,
f186720412,kyemek,
f141094386,blaine,
b136284870,,keith
a197831417,m,
i119678056,,joel
c132575504,jordon,
b125890443,,marie
i189734126,,eugene
h106672160,,kevin
e144708336,edward,
b182962105,,shane
d148901425,,r
i126940039,,lynn
e198214473,,andrew
i159830301,h,
d182882278,,bryant
g159391840,roberts,
c155134025,,bernadette
a118747548,hamrick,
h156136811,emmanuel,
b167092518,,
f163732479,,dorian
f120468172,,edwardbrooks
g178383431,,keith
b187596208,edward,
e139759354,,nicole
e128843283,wesley,
e137441647,allen,
e107205587,,
h194476605,kassa,
i191586929,wayne,
c195624513,,michael
a169282109,,mary
b167635143,,keith
f176003596,,lee
b174268832,,michael
e198844643,,parson
g148510901,norton,
d103461532,fay,
f159389290,,james
f176083103,,robert
g185116224,rayfield,
h179085361,,lynn
e190883309,anthony,
a179489821,,howard
a114487526,lee,
h116101157,,cornelpuna
f124383939,,herbert
e139928714,,anthony
a162960741,,rex
e144289338,alfred,
g118926224,earl,
f120301676,renee,
d148664452,,wayne
i163719194,joseph,
i134677222,,james
g179876515,,bruce
i130962659,jermaine,
d121317449,ann,
c113563568,,ann
e171489578,,o
e179105440,francis,
f176200775,,
i168334731,,william
g116357991,b,
e160475923,esther,
g135978399,elliott,
e111874729,woodall,
g168431036,,t
e132943228,,r
d167138940,chrisp,
c118273556,,sue
g153942013,s,
h113125307,lee,
f187854980,e,
c163383315,,lashay
c163344406,tyler,
c169763953,harris,
g144193121,,benfield
h157650061,,morris
e131758819,,james
g106582416,,clyde
i109183514,w,
a177673090,,p
i117400150,leon,
c155481812,ryan,
g162738558,gerard,
a161346966,,joseph
c109083862,,
h106653080,,timothy
f132350902,,allen
f132350902,,allen
b110935822,jarrett,
c145906374,,
f176732069,h,
h177061070,,
c174615446,,linwood
h134238281,,leeann
c133196111,ladarryl,
g103149337,theresa,
b151943875,,maurice
a139626663,,eugene
a139626663,,eugene
g130258428,,t
g153397688,,kennedy
e158358399,,brooke
b100179674,,
h137054037,ahren,
i117305884,,zimmerman
g136309074,,susanne
h147484732,,patricia
i145498848,,oneil
a106550141,,delany
h122931936,,warren
i180099772,,baxter
i117200294,,t
a174202243,nicole,
i101531596,,cameron
a134746358,lee,
b120981849,,silas
h114346088,,g
e154062311,,valinda
f141042296,,hylton
b104070913,,
f104615696,,ray
f173606353,marie,
d117557849,,dustin
d117557849,,dustin
g160338498,dianna,
i143513763,,guy
f155840033,eugene,
c127006319,fisher,
c194007709,russell,
b148009390,,anderson
b153112174,,douglas
f122264490,gregory,
g184709102,,irvin
g173678989,wade,
c184516625,pricipe,
f111852074,,christian
f111852074,,christian
e119194134,,alexandra
c126258123,,w
b160220229,,anne
e182438004,branch,
c173428171,,jenell
h140001554,,duane
f141275442,trung,
f141275442,trung,
d174796008,maxcy,
i168147074,p,
a186530709,ray,
d186023045,,martin
i182708052,jones,
b192255409,,dario
b110024856,,m
i158467308,,wade
e137600986,d,
a117495368,vermilye,
a119777364,,lee
a161736932,,phillip
g180301105,,william
g108904958,moses,
i154284351,paul,
g197472894,,c
c118405103,russell,
a114878917,terelle,
d121440274,s,
f110327607,john,
h156883350,,e
d167249834,,lamel
a156232275,monique,
b188247400,,russell
b188247400,,russell
h165952300,,scott
d126832136,l,
b195037521,,lorraine
e154320736,,arthur
i131746047,m,
g161223166,allan,
b167890013,,dale
f198025723,,ayawoa
c179169295,,wilber
g109494970,elizabeth,
d191295056,g,
g145833973,g,
h160322220,,domonic
g188511843,,b
b135583007,,brett
e135444213,,weldon
b149857889,r,
h188417239,,strong
d151261221,monique,
i177086133,luther,
d160574123,henry,
c195039167,eugene,
e168317667,,darrell
e168317667,,darrell
e184962297,,lee
i141526450,robert,
c121138968,faye,
c143995902,denise,
h171667650,,franklin
a192191401,,brian
h137435983,ray,
b111949312,rayvon,
b126665875,,chambley
e154312964,,henry
i142647602,lynn,
b128163239,,ryan
a182809584,gene,
b114690523,,fernandez
h168989168,michael,
b135466412,,lee
c181311380,,tyrone
h106018312,emmanuel,
g175490843,,m
h163980205,randolph,
g152796287,,u
b181597247,,wilburn
a107845471,chadwick,
d190980019,ricardo,
h189180780,m,
h171302729,fawzi,
i191033569,quoc,
g153556853,o,
f140806663,,suzanne
c133361645,anne,
f165251594,,n
f193782697,,
f130661464,theodore,
e145112495,dawn,
a185968530,kirk,
b153592761,,james
h143335122,,
i113447355,,d
d133373041,,clanton
d128323143,,earl
a110763179,weeks,
h139988262,,lamont
f127690878,lee,
e135744732,,
d117704590,,w
e160026263,,gerard
d164139525,,brandon
d147755864,,orell
b101786843,laquan,
h128548016,,david
d121198039,franklin,
e141285644,,s
e156553994,,gibson
g138677136,,staton
g109375301,david,
e117306179,,bailey
h165923863,,lynn
g155035020,,m
a155163420,,fredell
g165102150,,fall
f123514612,douglas,
c135035115,,elizabeth
a193364543,,antonio
c189942402,l,
d181118653,,william
i148993302,singh,
b115864083,eugene,
c162054852,jerome,
g192731313,i,
h140730595,,richard
a140788103,christopher,
e133777745,,b
a117783200,,lee
b184747251,shareen,
g165398417,alice,
d113764643,lee,
d134927131,,
a194701685,lynn,
e142081413,harrell,
b187097988,,carlton
e101472037,f,
a170983009,baumrucker,
f104742977,,
f182586683,douglas,
a150746360,jay,
f164784052,,christopher
h169561867,eller,
b160266275,,marie
e136961560,,glenn
a188385942,,allison
d133085186,carroll,
h134687568,g,
i146609271,,denise
i167205615,,emile
f167992883,,
i109109583,dewey,
g110578905,,lamar
h159445744,james,
g147714557,,even
b142622373,holland,
h156664649,,
h100023426,roxanne,
e141617686,,
e135314033,luis,
e155896398,fernando,
b106205059,lyle,
c123900255,lee,
f102668367,anthony,
e124644819,,ann
e141000598,m,
e175025328,,william
i185849976,,jane
e135907485,scott,
e163875524,garvin,
f188867799,,alan
f176417331,,ralph
b119429842,paul,
g131406183,,roscoe
i158644478,,keith
c106756078,,clabern
d198806411,,danta
i166411430,ann,
e178003471,,tien
b119014025,,marie
g116285448,bright,
e129079362,frank,
d124097202,mckinley,
e110711575,martha,
e146192792,michelle,
c162538174,marie,
a133961857,lee,
b142935337,dale,
h184527526,helena,
a149275660,,clifford
i183725346,,v
b139666388,,
i110931931,michael,
h165438372,carl,
h163367942,,anthony
d146899420,albert,
d183687106,paul,
b131648051,,
i188558814,,elise
h177831827,sue,
e125547332,,calvin
h167648594,edward,
h156257091,pendleton,
i125855827,epierce,
h196156586,,lester
a137409347,,
d110580876,daniel,
c164131402,,ann
i178274695,mcdonald,
g111273131,,
b150953431,m,
f132649399,lumorris,
b195695001,anne,
a125338789,,marquand
b142650453,,kevin
e172893050,wayne,
a148647523,reid,
f149403792,taylor,
b188011785,lane,
i156163473,michael,
b100457504,winkler,
d105513339,,anthony
d105513339,,anthony
e101867967,,
c117598383,l,
b143083572,michelle,
e113501130,james,
b137377751,,hill
h181140892,,leon
i101364225,,
g144141791,elizabeth,
a130311790,deleon,
c183501244,,johnston
a136945350,,l
b182045295,anita,
d113582588,,james
b108903687,lee,
i123383687,,
b122201679,melissa,
f115067004,townsend,
b107111015,,connell
e177896862,renee,
g166047086,,ruth
a166801551,berry,
c145544265,,beth
d173844836,,tucker
d123981604,elise,
a178941964,,marie
e108346223,wayne,
g134367858,,
b112165152,,vernita
c132412022,wayne,
b199692500,,i
c124484600,marie,
b102674285,jameel,
h188892186,thomas,
d148749573,,
a113684851,michael,
c192748529,shearon,
f116368789,,clarence
h159302533,,alan
e159006359,eapen,
a143631843,,clinton
e156893951,,wayne
e177555292,,kelvin
h129850950,,rogoff
g104693281,maynor,
h131934275,michelle,
g156006069,,lee
i104255029,marie,
e169611223,,jacob
a165306738,,charles
c155601802,marie,
a184970069,wayne,
g191759363,enez,
